1级分类代码,1级分类名称,1级分类公告数量,2级分组代码,2级分组名称,3级分类代码,3级分类名称,公告数量,完整路径
20000,通函,1947,12,會議/表決,23400,在股東批准的情況下重選或委任董事,97,20000(通函) → 12(會議/表決) → 23400(在股東批准的情況下重選或委任董事)
20000,通函,1947,15,證券/股本,26300,回購股份的說明函件,65,20000(通函) → 15(證券/股本) → 26300(回購股份的說明函件)
20000,通函,1947,15,證券/股本,26350,一般性授權,65,20000(通函) → 15(證券/股本) → 26350(一般性授權)
20000,通函,1947,11,公司狀況變動及委員會/公司變動,22100,修訂憲章文件,63,20000(通函) → 11(公司狀況變動及委員會/公司變動) → 22100(修訂憲章文件)
20000,通函,1947,14,重組/股權改動/主要改動/公眾持股量/上市地位,25100,《收購守則》所指的受要約公司發出的文件,32,20000(通函) → 14(重組/股權改動/主要改動/公眾持股量/上市地位) → 25100(《收購守則》所指的受要約公司發出的文件)
20000,通函,1947,14,重組/股權改動/主要改動/公眾持股量/上市地位,25200,《收購守則》所指的要約公司發出的文件,32,20000(通函) → 14(重組/股權改動/主要改動/公眾持股量/上市地位) → 25200(《收購守則》所指的要約公司發出的文件)
20000,通函,1947,13,須予公布的交易,24200,主要交易,21,20000(通函) → 13(須予公布的交易) → 24200(主要交易)
20000,通函,1947,15,證券/股本,26850,股份計劃,21,20000(通函) → 15(證券/股本) → 26850(股份計劃)
20000,通函,1947,10,關連交易,21100,關連交易,16,20000(通函) → 10(關連交易) → 21100(關連交易)
20000,通函,1947,15,證券/股本,26100,資本化發行,15,20000(通函) → 15(證券/股本) → 26100(資本化發行)
20000,通函,1947,15,證券/股本,26650,發行股份,13,20000(通函) → 15(證券/股本) → 26650(發行股份)
20000,通函,1947,15,證券/股本,26250,交換證券或取代原證券,12,20000(通函) → 15(證券/股本) → 26250(交換證券或取代原證券)
20000,通函,1947,10,關連交易,21200,持續關連交易,10,20000(通函) → 10(關連交易) → 21200(持續關連交易)
20000,通函,1947,14,重組/股權改動/主要改動/公眾持股量/上市地位,25400,私有化/撤銷證券上市,9,20000(通函) → 14(重組/股權改動/主要改動/公眾持股量/上市地位) → 25400(私有化/撤銷證券上市)
20000,通函,1947,12,會議/表決,23200,發出通函後的重大資料,8,20000(通函) → 12(會議/表決) → 23200(發出通函後的重大資料)
20000,通函,1947,15,證券/股本,26450,發行債務證券,8,20000(通函) → 15(證券/股本) → 26450(發行債務證券)
20000,通函,1947,12,會議/表決,23500,在股東批准的情況下更換核數師,6,20000(通函) → 12(會議/表決) → 23500(在股東批准的情況下更換核數師)
20000,通函,1947,13,須予公布的交易,24500,非常重大的出售事項,5,20000(通函) → 13(須予公布的交易) → 24500(非常重大的出售事項)
20000,通函,1947,12,會議/表決,23300,由股東提名董事,4,20000(通函) → 12(會議/表決) → 23300(由股東提名董事)
20000,通函,1947,15,證券/股本,26400,發行可轉換證券,3,20000(通函) → 15(證券/股本) → 26400(發行可轉換證券)
20000,通函,1947,15,證券/股本,26800,供股,3,20000(通函) → 15(證券/股本) → 26800(供股)
20000,通函,1947,16,雜項,27100,有關集體投資計劃事宜,2,20000(通函) → 16(雜項) → 27100(有關集體投資計劃事宜)
20000,通函,1947,13,須予公布的交易,24400,非常重大的收購事項,2,20000(通函) → 13(須予公布的交易) → 24400(非常重大的收購事項)
20000,通函,1947,12,會議/表決,23100,更改表決意向,0,20000(通函) → 12(會議/表決) → 23100(更改表決意向)
20000,通函,1947,13,須予公布的交易,24100,須予披露的交易 (2009年1月1日前),0,20000(通函) → 13(須予公布的交易) → 24100(須予披露的交易 (2009年1月1日前))
20000,通函,1947,13,須予公布的交易,24300,反收購,0,20000(通函) → 13(須予公布的交易) → 24300(反收購)
20000,通函,1947,14,重組/股權改動/主要改動/公眾持股量/上市地位,25300,主要業務活動出現根本轉變,0,20000(通函) → 14(重組/股權改動/主要改動/公眾持股量/上市地位) → 25300(主要業務活動出現根本轉變)
20000,通函,1947,14,重組/股權改動/主要改動/公眾持股量/上市地位,25500,有關礦務公司開發天然資源用以拓展或更改現有活動的建議,0,20000(通函) → 14(重組/股權改動/主要改動/公眾持股量/上市地位) → 25500(有關礦務公司開發天然資源用以拓展或更改現有活動的建議)
20000,通函,1947,14,重組/股權改動/主要改動/公眾持股量/上市地位,25600,分拆,0,20000(通函) → 14(重組/股權改動/主要改動/公眾持股量/上市地位) → 25600(分拆)
20000,通函,1947,15,證券/股本,26150,更改證券條款或隨附於證券的權利,0,20000(通函) → 15(證券/股本) → 26150(更改證券條款或隨附於證券的權利)
20000,通函,1947,15,證券/股本,26200,根據《公司股份回購守則》刊發的文件,0,20000(通函) → 15(證券/股本) → 26200(根據《公司股份回購守則》刊發的文件)
20000,通函,1947,15,證券/股本,26500,發行優先股,0,20000(通函) → 15(證券/股本) → 26500(發行優先股)
20000,通函,1947,15,證券/股本,26550,主要附屬公司發行證券,0,20000(通函) → 15(證券/股本) → 26550(主要附屬公司發行證券)
20000,通函,1947,15,證券/股本,26600,於上市後六個月內發行證券,0,20000(通函) → 15(證券/股本) → 26600(於上市後六個月內發行證券)
20000,通函,1947,15,證券/股本,26700,發行權證,0,20000(通函) → 15(證券/股本) → 26700(發行權證)
20000,通函,1947,15,證券/股本,26750,公開招股,0,20000(通函) → 15(證券/股本) → 26750(公開招股)
20000,通函,1947,15,證券/股本,26950,出售或轉讓庫存股份,0,20000(通函) → 15(證券/股本) → 26950(出售或轉讓庫存股份)
20000,通函,1947,15,證券/股本,26900,於上市後六個月內出售或轉讓庫存股份,0,20000(通函) → 15(證券/股本) → 26900(於上市後六個月內出售或轉讓庫存股份)
40000,財務報表/環境、社會及管治資料,1493,,,40100,年報,27,40000(財務報表/環境、社會及管治資料) → 40100(年報)
40000,財務報表/環境、社會及管治資料,1493,,,40400,環境、社會及管治資料/報告,22,40000(財務報表/環境、社會及管治資料) → 40400(環境、社會及管治資料/報告)
40000,財務報表/環境、社會及管治資料,1493,,,40200,中期/半年度報告,1454,40000(財務報表/環境、社會及管治資料) → 40200(中期/半年度報告)
40000,財務報表/環境、社會及管治資料,1493,,,40300,季度報告,0,40000(財務報表/環境、社會及管治資料) → 40300(季度報告)
50000,翌日披露報表,1083,,,50100,股份購回,844,50000(翌日披露報表) → 50100(股份購回)
10000,公告及通告,7380,1,關連交易,11100,核數師或獨立非執行董事未能確認有關持續關連交易的事宜,0,10000(公告及通告) → 1(關連交易) → 11100(核數師或獨立非執行董事未能確認有關持續關連交易的事宜)
10000,公告及通告,7380,1,關連交易,11400,擔保有形資產淨值或溢利,0,10000(公告及通告) → 1(關連交易) → 11400(擔保有形資產淨值或溢利)
10000,公告及通告,7380,1,關連交易,11500,就關連交易規定所授予的豁免,0,10000(公告及通告) → 1(關連交易) → 11500(就關連交易規定所授予的豁免)
10000,公告及通告,7380,2,公司狀況變動及委員會/公司變動,12200,更改不同類別股份的權利,0,10000(公告及通告) → 2(公司狀況變動及委員會/公司變動) → 12200(更改不同類別股份的權利)
10000,公告及通告,7380,2,公司狀況變動及委員會/公司變動,12250,更換合規顧問,0,10000(公告及通告) → 2(公司狀況變動及委員會/公司變動) → 12250(更換合規顧問)
10000,公告及通告,7380,2,公司狀況變動及委員會/公司變動,12350,更換董事或重要行政職能或職責的變更,391,10000(公告及通告) → 2(公司狀況變動及委員會/公司變動) → 12350(更換董事或重要行政職能或職責的變更)
10000,公告及通告,7380,2,公司狀況變動及委員會/公司變動,12400,更改財政年度結算日期,0,10000(公告及通告) → 2(公司狀況變動及委員會/公司變動) → 12400(更改財政年度結算日期)
10000,公告及通告,7380,2,公司狀況變動及委員會/公司變動,12450,更換合資格會計師 (2009年1月1日前),0,10000(公告及通告) → 2(公司狀況變動及委員會/公司變動) → 12450(更換合資格會計師 (2009年1月1日前))
10000,公告及通告,7380,2,公司狀況變動及委員會/公司變動,12952,董事名單和他們的地位和作用,380,10000(公告及通告) → 2(公司狀況變動及委員會/公司變動) → 12952(董事名單和他們的地位和作用)
10000,公告及通告,7380,2,公司狀況變動及委員會/公司變動,12800,未能符合監察主任的規定,0,10000(公告及通告) → 2(公司狀況變動及委員會/公司變動) → 12800(未能符合監察主任的規定)
10000,公告及通告,7380,2,公司狀況變動及委員會/公司變動,12900,未能符合合資格會計師的規定 (2009年1月1日前),0,10000(公告及通告) → 2(公司狀況變動及委員會/公司變動) → 12900(未能符合合資格會計師的規定 (2009年1月1日前))
10000,公告及通告,7380,4,會議/表決,14500,股東特別大會通告,168,10000(公告及通告) → 4(會議/表決) → 14500(股東特別大會通告)
10000,公告及通告,7380,9,雜項,19860,海外監管公告-營運業績最新情況,153,10000(公告及通告) → 9(雜項) → 19860(海外監管公告-營運業績最新情況)
10000,公告及通告,7380,3,財務資料,13250,股息或分派,282,10000(公告及通告) → 3(財務資料) → 13250(股息或分派)
10000,公告及通告,7380,3,財務資料,13251,股息或分派（公告表格）,325,10000(公告及通告) → 3(財務資料) → 13251(股息或分派（公告表格）)
10000,公告及通告,7380,2,公司狀況變動及委員會/公司變動,12961,更換提名委員會成員,150,10000(公告及通告) → 2(公司狀況變動及委員會/公司變動) → 12961(更換提名委員會成員)
10000,公告及通告,7380,2,公司狀況變動及委員會/公司變動,12955,提名委員會的職權範圍,143,10000(公告及通告) → 2(公司狀況變動及委員會/公司變動) → 12955(提名委員會的職權範圍)
10000,公告及通告,7380,3,財務資料,13400,中期業績,1321,10000(公告及通告) → 3(財務資料) → 13400(中期業績)
10000,公告及通告,7380,3,財務資料,13150,董事會召開日期,142,10000(公告及通告) → 3(財務資料) → 13150(董事會召開日期)
10000,公告及通告,7380,1,關連交易,11200,關連交易,140,10000(公告及通告) → 1(關連交易) → 11200(關連交易)
10000,公告及通告,7380,2,公司狀況變動及委員會/公司變動,12100,修訂憲章文件,140,10000(公告及通告) → 2(公司狀況變動及委員會/公司變動) → 12100(修訂憲章文件)
10000,公告及通告,7380,4,會議/表決,14800,股東特別大會的結果,128,10000(公告及通告) → 4(會議/表決) → 14800(股東特別大會的結果)
10000,公告及通告,7380,8,證券/股本,18480,配售,128,10000(公告及通告) → 8(證券/股本) → 18480(配售)
10000,公告及通告,7380,7,重組/股權變動/主要改動/公眾持股量/上市地位,17850,停牌,127,10000(公告及通告) → 7(重組/股權變動/主要改動/公眾持股量/上市地位) → 17850(停牌)
10000,公告及通告,7380,3,財務資料,13300,末期業績,121,10000(公告及通告) → 3(財務資料) → 13300(末期業績)
10000,公告及通告,7380,2,公司狀況變動及委員會/公司變動,12650,更換審核委員會成員,105,10000(公告及通告) → 2(公司狀況變動及委員會/公司變動) → 12650(更換審核委員會成員)
10000,公告及通告,7380,2,公司狀況變動及委員會/公司變動,12957,更換薪酬委員會成員,105,10000(公告及通告) → 2(公司狀況變動及委員會/公司變動) → 12957(更換薪酬委員會成員)
10000,公告及通告,7380,4,會議/表決,14100,更改表決意向,0,10000(公告及通告) → 4(會議/表決) → 14100(更改表決意向)
10000,公告及通告,7380,4,會議/表決,14400,股東周年大會通告,98,10000(公告及通告) → 4(會議/表決) → 14400(股東周年大會通告)
10000,公告及通告,7380,1,關連交易,11300,持續關連交易,91,10000(公告及通告) → 1(關連交易) → 11300(持續關連交易)
10000,公告及通告,7380,9,雜項,19250,延遲發送通函或其他文件,91,10000(公告及通告) → 9(雜項) → 19250(延遲發送通函或其他文件)
10000,公告及通告,7380,8,證券/股本,18520,股份計劃,86,10000(公告及通告) → 8(證券/股本) → 18520(股份計劃)
10000,公告及通告,7380,6,須予公布的交易,16300,主要交易,82,10000(公告及通告) → 6(須予公布的交易) → 16300(主要交易)
10000,公告及通告,7380,4,會議/表決,14700,股東周年大會的結果,216,10000(公告及通告) → 4(會議/表決) → 14700(股東周年大會的結果)
10000,公告及通告,7380,2,公司狀況變動及委員會/公司變動,12500,更改註冊地址或辦事處、香港業務的註冊地或香港接收法律程序文件代表,79,10000(公告及通告) → 2(公司狀況變動及委員會/公司變動) → 12500(更改註冊地址或辦事處、香港業務的註冊地或香港接收法律程序文件代表)
10000,公告及通告,7380,4,會議/表決,14900,投票表決的結果 (2009年1月1日前),0,10000(公告及通告) → 4(會議/表決) → 14900(投票表決的結果 (2009年1月1日前))
10000,公告及通告,7380,9,雜項,19820,海外監管公告-業務發展最新情況,77,10000(公告及通告) → 9(雜項) → 19820(海外監管公告-業務發展最新情況)
10000,公告及通告,7380,9,雜項,19150,澄清新聞報道或報告 - 附帶意見,0,10000(公告及通告) → 9(雜項) → 19150(澄清新聞報道或報告 - 附帶意見)
10000,公告及通告,7380,3,財務資料,13500,盈利警告,72,10000(公告及通告) → 3(財務資料) → 13500(盈利警告)
10000,公告及通告,7380,7,重組/股權變動/主要改動/公眾持股量/上市地位,17100,《收購守則》所指的受要約公司刊發的公告,70,10000(公告及通告) → 7(重組/股權變動/主要改動/公眾持股量/上市地位) → 17100(《收購守則》所指的受要約公司刊發的公告)
10000,公告及通告,7380,9,雜項,19750,內幕消息,351,10000(公告及通告) → 9(雜項) → 19750(內幕消息)
10000,公告及通告,7380,9,雜項,19770,其他-企業管治相關事宜,65,10000(公告及通告) → 9(雜項) → 19770(其他-企業管治相關事宜)
10000,公告及通告,7380,8,證券/股本,18400,根據特定授權發行股份,63,10000(公告及通告) → 8(證券/股本) → 18400(根據特定授權發行股份)
10000,公告及通告,7380,2,公司狀況變動及委員會/公司變動,12550,更換公司秘書,51,10000(公告及通告) → 2(公司狀況變動及委員會/公司變動) → 12550(更換公司秘書)
10000,公告及通告,7380,3,財務資料,13200,延遲發表業績公告,51,10000(公告及通告) → 3(財務資料) → 13200(延遲發表業績公告)
10000,公告及通告,7380,9,雜項,19450,其他 (2014年4月1日前),0,10000(公告及通告) → 9(雜項) → 19450(其他 (2014年4月1日前))
10000,公告及通告,7380,9,雜項,19760,其他-業務發展最新情況,294,10000(公告及通告) → 9(雜項) → 19760(其他-業務發展最新情況)
10000,公告及通告,7380,7,重組/股權變動/主要改動/公眾持股量/上市地位,17150,《收購守則》所指的要約公司刊發的公告,49,10000(公告及通告) → 7(重組/股權變動/主要改動/公眾持股量/上市地位) → 17150(《收購守則》所指的要約公司刊發的公告)
10000,公告及通告,7380,2,公司狀況變動及委員會/公司變動,12954,審核委員會的職權範圍,44,10000(公告及通告) → 2(公司狀況變動及委員會/公司變動) → 12954(審核委員會的職權範圍)
10000,公告及通告,7380,9,雜項,19800,其他-營運業績最新情況,44,10000(公告及通告) → 9(雜項) → 19800(其他-營運業績最新情況)
10000,公告及通告,7380,9,雜項,19500,海外監管公告 (2014年4月1日前),0,10000(公告及通告) → 9(雜項) → 19500(海外監管公告 (2014年4月1日前))
10000,公告及通告,7380,9,雜項,19810,海外監管公告-董事會/監事會決議,240,10000(公告及通告) → 9(雜項) → 19810(海外監管公告-董事會/監事會決議)
10000,公告及通告,7380,8,證券/股本,18120,資本重組,42,10000(公告及通告) → 8(證券/股本) → 18120(資本重組)
10000,公告及通告,7380,9,雜項,19830,海外監管公告-企業管治相關事宜,312,10000(公告及通告) → 9(雜項) → 19830(海外監管公告-企業管治相關事宜)
10000,公告及通告,7380,9,雜項,19840,海外監管公告-證券發行及相關事宜,242,10000(公告及通告) → 9(雜項) → 19840(海外監管公告-證券發行及相關事宜)
10000,公告及通告,7380,9,雜項,19870,海外監管公告-庫存股份出售或轉讓及相關事宜,0,10000(公告及通告) → 9(雜項) → 19870(海外監管公告-庫存股份出售或轉讓及相關事宜)
10000,公告及通告,7380,3,財務資料,13550,核數師發出「非標準報告」,41,10000(公告及通告) → 3(財務資料) → 13550(核數師發出「非標準報告」)
10000,公告及通告,7380,9,雜項,19550,股價敏感資料(2013年1月1日前),0,10000(公告及通告) → 9(雜項) → 19550(股價敏感資料(2013年1月1日前))
10000,公告及通告,7380,2,公司狀況變動及委員會/公司變動,12956,薪酬委員會的職權範圍,39,10000(公告及通告) → 2(公司狀況變動及委員會/公司變動) → 12956(薪酬委員會的職權範圍)
10000,公告及通告,7380,9,雜項,19400,有關集體投資計劃事宜,38,10000(公告及通告) → 9(雜項) → 19400(有關集體投資計劃事宜)
10000,公告及通告,7380,8,證券/股本,18540,交易安排（更改每手買賣單位除外）,38,10000(公告及通告) → 8(證券/股本) → 18540(交易安排（更改每手買賣單位除外）)
10000,公告及通告,7380,7,重組/股權變動/主要改動/公眾持股量/上市地位,17960,短暫停牌,37,10000(公告及通告) → 7(重組/股權變動/主要改動/公眾持股量/上市地位) → 17960(短暫停牌)
10000,公告及通告,7380,5,新上市（上市發行人/新申請人）,15300,以介紹形式上市的證券,0,10000(公告及通告) → 5(新上市（上市發行人/新申請人）) → 15300(以介紹形式上市的證券)
10000,公告及通告,7380,5,新上市（上市發行人/新申請人）,15700,混合媒介要約,0,10000(公告及通告) → 5(新上市（上市發行人/新申請人）) → 15700(混合媒介要約)
10000,公告及通告,7380,5,新上市（上市發行人/新申請人）,15400,供認購或投標發售的行使價,0,10000(公告及通告) → 5(新上市（上市發行人/新申請人）) → 15400(供認購或投標發售的行使價)
10000,公告及通告,7380,5,新上市（上市發行人/新申請人）,15500,有關首次公開招股的補充資料,0,10000(公告及通告) → 5(新上市（上市發行人/新申請人）) → 15500(有關首次公開招股的補充資料)
10000,公告及通告,7380,5,新上市（上市發行人/新申請人）,15600,由GEM轉往主板上市,0,10000(公告及通告) → 5(新上市（上市發行人/新申請人）) → 15600(由GEM轉往主板上市)
10000,公告及通告,7380,8,證券/股本,18320,發行債務證券,36,10000(公告及通告) → 8(證券/股本) → 18320(發行債務證券)
10000,公告及通告,7380,6,須予公布的交易,16200,須予披露的交易,225,10000(公告及通告) → 6(須予公布的交易) → 16200(須予披露的交易)
10000,公告及通告,7380,4,會議/表決,14600,在股東批准的情況下重選或委任董事,35,10000(公告及通告) → 4(會議/表決) → 14600(在股東批准的情況下重選或委任董事)
10000,公告及通告,7380,7,重組/股權變動/主要改動/公眾持股量/上市地位,17650,復牌,35,10000(公告及通告) → 7(重組/股權變動/主要改動/公眾持股量/上市地位) → 17650(復牌)
10000,公告及通告,7380,8,證券/股本,18500,供股,34,10000(公告及通告) → 8(證券/股本) → 18500(供股)
10000,公告及通告,7380,8,證券/股本,18300,發行可轉換證券,30,10000(公告及通告) → 8(證券/股本) → 18300(發行可轉換證券)
10000,公告及通告,7380,2,公司狀況變動及委員會/公司變動,12958,其他董事會轄下之委員會的職權範圍,28,10000(公告及通告) → 2(公司狀況變動及委員會/公司變動) → 12958(其他董事會轄下之委員會的職權範圍)
10000,公告及通告,7380,7,重組/股權變動/主要改動/公眾持股量/上市地位,17600,私有化/撤銷或取消證券上市,26,10000(公告及通告) → 7(重組/股權變動/主要改動/公眾持股量/上市地位) → 17600(私有化/撤銷或取消證券上市)
10000,公告及通告,7380,8,證券/股本,18240,代價發行,25,10000(公告及通告) → 8(證券/股本) → 18240(代價發行)
10000,公告及通告,7380,2,公司狀況變動及委員會/公司變動,12951,更換行政總裁,23,10000(公告及通告) → 2(公司狀況變動及委員會/公司變動) → 12951(更換行政總裁)
10000,公告及通告,7380,7,重組/股權變動/主要改動/公眾持股量/上市地位,17200,股權出現變動,23,10000(公告及通告) → 7(重組/股權變動/主要改動/公眾持股量/上市地位) → 17200(股權出現變動)
10000,公告及通告,7380,7,重組/股權變動/主要改動/公眾持股量/上市地位,17950,主要業務活動出現轉變,0,10000(公告及通告) → 7(重組/股權變動/主要改動/公眾持股量/上市地位) → 17950(主要業務活動出現轉變)
10000,公告及通告,7380,3,財務資料,13450,資產淨值,22,10000(公告及通告) → 3(財務資料) → 13450(資產淨值)
10000,公告及通告,7380,3,財務資料,13650,附屬公司的業績,22,10000(公告及通告) → 3(財務資料) → 13650(附屬公司的業績)
10000,公告及通告,7380,7,重組/股權變動/主要改動/公眾持股量/上市地位,17900,發行人、其控股公司或主要附屬公司結束營業及清盤,22,10000(公告及通告) → 7(重組/股權變動/主要改動/公眾持股量/上市地位) → 17900(發行人、其控股公司或主要附屬公司結束營業及清盤)
10000,公告及通告,7380,2,公司狀況變動及委員會/公司變動,12700,更改公司名稱,20,10000(公告及通告) → 2(公司狀況變動及委員會/公司變動) → 12700(更改公司名稱)
10000,公告及通告,7380,7,重組/股權變動/主要改動/公眾持股量/上市地位,17400,主要業務活動出現根本轉變 (2009年1月1日前),0,10000(公告及通告) → 7(重組/股權變動/主要改動/公眾持股量/上市地位) → 17400(主要業務活動出現根本轉變 (2009年1月1日前))
10000,公告及通告,7380,2,公司狀況變動及委員會/公司變動,12150,更換核數師,19,10000(公告及通告) → 2(公司狀況變動及委員會/公司變動) → 12150(更換核數師)
10000,公告及通告,7380,7,重組/股權變動/主要改動/公眾持股量/上市地位,17500,證券缺乏公開市場,0,10000(公告及通告) → 7(重組/股權變動/主要改動/公眾持股量/上市地位) → 17500(證券缺乏公開市場)
10000,公告及通告,7380,2,公司狀況變動及委員會/公司變動,12600,更換監事,17,10000(公告及通告) → 2(公司狀況變動及委員會/公司變動) → 12600(更換監事)
10000,公告及通告,7380,2,公司狀況變動及委員會/公司變動,12850,未能符合獨立非執行董事的規定或獨立非執行董事未能符合獨立性指引,16,10000(公告及通告) → 2(公司狀況變動及委員會/公司變動) → 12850(未能符合獨立非執行董事的規定或獨立非執行董事未能符合獨立性指引)
10000,公告及通告,7380,8,證券/股本,18160,更改每手買賣單位,16,10000(公告及通告) → 8(證券/股本) → 18160(更改每手買賣單位)
10000,公告及通告,7380,2,公司狀況變動及委員會/公司變動,12962,未能符合提名委員會的規定,15,10000(公告及通告) → 2(公司狀況變動及委員會/公司變動) → 12962(未能符合提名委員會的規定)
10000,公告及通告,7380,7,重組/股權變動/主要改動/公眾持股量/上市地位,17750,資產充足度及/或業務充足度及/或發行人成為現金資產公司,0,10000(公告及通告) → 7(重組/股權變動/主要改動/公眾持股量/上市地位) → 17750(資產充足度及/或業務充足度及/或發行人成為現金資產公司)
10000,公告及通告,7380,2,公司狀況變動及委員會/公司變動,12750,未能符合審核委員會的規定,14,10000(公告及通告) → 2(公司狀況變動及委員會/公司變動) → 12750(未能符合審核委員會的規定)
10000,公告及通告,7380,9,雜項,19780,其他-訴訟,14,10000(公告及通告) → 9(雜項) → 19780(其他-訴訟)
10000,公告及通告,7380,6,須予公布的交易,16900,非常重大的出售事項,13,10000(公告及通告) → 6(須予公布的交易) → 16900(非常重大的出售事項)
10000,公告及通告,7380,7,重組/股權變動/主要改動/公眾持股量/上市地位,17450,集團重組或協議安排,13,10000(公告及通告) → 7(重組/股權變動/主要改動/公眾持股量/上市地位) → 17450(集團重組或協議安排)
10000,公告及通告,7380,7,重組/股權變動/主要改動/公眾持股量/上市地位,17700,分拆,13,10000(公告及通告) → 7(重組/股權變動/主要改動/公眾持股量/上市地位) → 17700(分拆)
10000,公告及通告,7380,5,新上市（上市發行人/新申請人）,15100,配發結果,12,10000(公告及通告) → 5(新上市（上市發行人/新申請人）) → 15100(配發結果)
10000,公告及通告,7380,5,新上市（上市發行人/新申請人）,15200,正式通告,10,10000(公告及通告) → 5(新上市（上市發行人/新申請人）) → 15200(正式通告)
10000,公告及通告,7380,3,財務資料,13600,季度業績,9,10000(公告及通告) → 3(財務資料) → 13600(季度業績)
10000,公告及通告,7380,8,證券/股本,18440,已發行股本變動,9,10000(公告及通告) → 8(證券/股本) → 18440(已發行股本變動)
10000,公告及通告,7380,9,雜項,19300,附有特定履行契諾的借貸協議,8,10000(公告及通告) → 9(雜項) → 19300(附有特定履行契諾的借貸協議)
10000,公告及通告,7380,7,重組/股權變動/主要改動/公眾持股量/上市地位,17300,股權集中,8,10000(公告及通告) → 7(重組/股權變動/主要改動/公眾持股量/上市地位) → 17300(股權集中)
10000,公告及通告,7380,8,證券/股本,18220,暫停辦理過戶登記手續或更改暫停辦理過戶日期,375,10000(公告及通告) → 8(證券/股本) → 18220(暫停辦理過戶登記手續或更改暫停辦理過戶日期)
10000,公告及通告,7380,7,重組/股權變動/主要改動/公眾持股量/上市地位,17800,公眾持股量充足度,8,10000(公告及通告) → 7(重組/股權變動/主要改動/公眾持股量/上市地位) → 17800(公眾持股量充足度)
10000,公告及通告,7380,2,公司狀況變動及委員會/公司變動,12953,未能符合薪酬委員會的規定,7,10000(公告及通告) → 2(公司狀況變動及委員會/公司變動) → 12953(未能符合薪酬委員會的規定)
10000,公告及通告,7380,8,證券/股本,18280,出售未能聯絡到的股東股份的意向,0,10000(公告及通告) → 8(證券/股本) → 18280(出售未能聯絡到的股東股份的意向)
10000,公告及通告,7380,2,公司狀況變動及委員會/公司變動,12050,更改公司網址,6,10000(公告及通告) → 2(公司狀況變動及委員會/公司變動) → 12050(更改公司網址)
10000,公告及通告,7380,2,公司狀況變動及委員會/公司變動,12959,更換股份過戶登記處/登記代理,6,10000(公告及通告) → 2(公司狀況變動及委員會/公司變動) → 12959(更換股份過戶登記處/登記代理)
10000,公告及通告,7380,8,證券/股本,18340,發行優先股,0,10000(公告及通告) → 8(證券/股本) → 18340(發行優先股)
10000,公告及通告,7380,8,證券/股本,18360,主要附屬公司發行證券,0,10000(公告及通告) → 8(證券/股本) → 18360(主要附屬公司發行證券)
10000,公告及通告,7380,8,證券/股本,18380,根據一般性授權發行股份,174,10000(公告及通告) → 8(證券/股本) → 18380(根據一般性授權發行股份)
10000,公告及通告,7380,3,財務資料,13800,修改已刊發的財務報表及報告,6,10000(公告及通告) → 3(財務資料) → 13800(修改已刊發的財務報表及報告)
10000,公告及通告,7380,9,雜項,19350,有關期權事宜,6,10000(公告及通告) → 9(雜項) → 19350(有關期權事宜)
10000,公告及通告,7380,4,會議/表決,14200,在發出通函後的重大資料,5,10000(公告及通告) → 4(會議/表決) → 14200(在發出通函後的重大資料)
10000,公告及通告,7380,8,證券/股本,18460,公開招股,0,10000(公告及通告) → 8(證券/股本) → 18460(公開招股)
10000,公告及通告,7380,9,雜項,19600,不尋常價格/成交量變動 - 附帶意見,5,10000(公告及通告) → 9(雜項) → 19600(不尋常價格/成交量變動 - 附帶意見)
10000,公告及通告,7380,8,證券/股本,18140,資本化發行,5,10000(公告及通告) → 8(證券/股本) → 18140(資本化發行)
10000,公告及通告,7380,2,公司狀況變動及委員會/公司變動,12950,董事或監事履歷詳情的變更,4,10000(公告及通告) → 2(公司狀況變動及委員會/公司變動) → 12950(董事或監事履歷詳情的變更)
10000,公告及通告,7380,8,證券/股本,18580,根據特定授權出售或轉讓庫存股份,0,10000(公告及通告) → 8(證券/股本) → 18580(根據特定授權出售或轉讓庫存股份)
10000,公告及通告,7380,4,會議/表決,15000,在股東批准的情況下更換核數師,4,10000(公告及通告) → 4(會議/表決) → 15000(在股東批准的情況下更換核數師)
10000,公告及通告,7380,9,雜項,19650,不尋常價格/成交量變動 - 標準內容或超級內容,4,10000(公告及通告) → 9(雜項) → 19650(不尋常價格/成交量變動 - 標準內容或超級內容)
10000,公告及通告,7380,6,須予公布的交易,16700,條款上的更改,4,10000(公告及通告) → 6(須予公布的交易) → 16700(條款上的更改)
10000,公告及通告,7380,7,重組/股權變動/主要改動/公眾持股量/上市地位,17550,於海外交易所或證券市場上市,4,10000(公告及通告) → 7(重組/股權變動/主要改動/公眾持股量/上市地位) → 17550(於海外交易所或證券市場上市)
10000,公告及通告,7380,3,財務資料,13750,修正重大錯誤而作出的前期調整,3,10000(公告及通告) → 3(財務資料) → 13750(修正重大錯誤而作出的前期調整)
10000,公告及通告,7380,4,會議/表決,14300,由股東提名董事,3,10000(公告及通告) → 4(會議/表決) → 14300(由股東提名董事)
10000,公告及通告,7380,9,雜項,19200,澄清新聞報道或報告 - 標準內容或超級內容,3,10000(公告及通告) → 9(雜項) → 19200(澄清新聞報道或報告 - 標準內容或超級內容)
10000,公告及通告,7380,6,須予公布的交易,16400,反收購,3,10000(公告及通告) → 6(須予公布的交易) → 16400(反收購)
10000,公告及通告,7380,6,須予公布的交易,16600,終止交易,3,10000(公告及通告) → 6(須予公布的交易) → 16600(終止交易)
10000,公告及通告,7380,8,證券/股本,18200,更改股息支付日期,3,10000(公告及通告) → 8(證券/股本) → 18200(更改股息支付日期)
10000,公告及通告,7380,8,證券/股本,18420,發行權證,3,10000(公告及通告) → 8(證券/股本) → 18420(發行權證)
10000,公告及通告,7380,3,財務資料,13100,向實體提供墊款,2,10000(公告及通告) → 3(財務資料) → 13100(向實體提供墊款)
10000,公告及通告,7380,3,財務資料,13700,修訂已刊發初步業績的資料,2,10000(公告及通告) → 3(財務資料) → 13700(修訂已刊發初步業績的資料)
10000,公告及通告,7380,9,雜項,19100,違反借貸協議,2,10000(公告及通告) → 9(雜項) → 19100(違反借貸協議)
10000,公告及通告,7380,6,須予公布的交易,16100,在完成須予公布的交易方面出現延誤,2,10000(公告及通告) → 6(須予公布的交易) → 16100(在完成須予公布的交易方面出現延誤)
10000,公告及通告,7380,6,須予公布的交易,16800,非常重大的收購事項,2,10000(公告及通告) → 6(須予公布的交易) → 16800(非常重大的收購事項)
10000,公告及通告,7380,7,重組/股權變動/主要改動/公眾持股量/上市地位,17250,股東抵押股份,2,10000(公告及通告) → 7(重組/股權變動/主要改動/公眾持股量/上市地位) → 17250(股東抵押股份)
10000,公告及通告,7380,7,重組/股權變動/主要改動/公眾持股量/上市地位,17350,董事於《標準守則》所載的禁售期內買賣證券,2,10000(公告及通告) → 7(重組/股權變動/主要改動/公眾持股量/上市地位) → 17350(董事於《標準守則》所載的禁售期內買賣證券)
10000,公告及通告,7380,8,證券/股本,18180,更改證券條款或隨附於證券的權利,2,10000(公告及通告) → 8(證券/股本) → 18180(更改證券條款或隨附於證券的權利)
10000,公告及通告,7380,8,證券/股本,18260,轉換證券,2,10000(公告及通告) → 8(證券/股本) → 18260(轉換證券)
10000,公告及通告,7380,2,公司狀況變動及委員會/公司變動,12300,更換監察主任,1,10000(公告及通告) → 2(公司狀況變動及委員會/公司變動) → 12300(更換監察主任)
10000,公告及通告,7380,3,財務資料,13350,向聯屬公司提供財務資助及/或作出擔保,1,10000(公告及通告) → 3(財務資料) → 13350(向聯屬公司提供財務資助及/或作出擔保)
10000,公告及通告,7380,9,雜項,19700,上市發行人所從事的礦業活動,1,10000(公告及通告) → 9(雜項) → 19700(上市發行人所從事的礦業活動)
10000,公告及通告,7380,6,須予公布的交易,16500,股份交易,1,10000(公告及通告) → 6(須予公布的交易) → 16500(股份交易)
10000,公告及通告,7380,8,證券/股本,18100,根據《公司股份回購守則》發出的公告,1,10000(公告及通告) → 8(證券/股本) → 18100(根據《公司股份回購守則》發出的公告)
10000,公告及通告,7380,8,證券/股本,18110,紅股或紅利（公告表格）,1,10000(公告及通告) → 8(證券/股本) → 18110(紅股或紅利（公告表格）)
10000,公告及通告,7380,8,證券/股本,18560,根據一般性授權出售或轉讓庫存股份,1,10000(公告及通告) → 8(證券/股本) → 18560(根據一般性授權出售或轉讓庫存股份)
70000,債券及結構性產品,1106,26,債務證券,74100,上市通告 － 債務證券,23,70000(債券及結構性產品) → 26(債務證券) → 74100(上市通告 － 債務證券)
70000,債券及結構性產品,1106,26,債務證券,75100,發行通函或定價補充文件 － 債務證券,22,70000(債券及結構性產品) → 26(債務證券) → 75100(發行通函或定價補充文件 － 債務證券)
70000,債券及結構性產品,1106,26,債務證券,72980,贖回或購回 － 債務證券,13,70000(債券及結構性產品) → 26(債務證券) → 72980(贖回或購回 － 債務證券)
70000,債券及結構性產品,1106,30001,債務證券發行計劃,76500,發行通函 - 債務證券發行計劃,12,70000(債券及結構性產品) → 30001(債務證券發行計劃) → 76500(發行通函 - 債務證券發行計劃)
70000,債券及結構性產品,1106,30001,債務證券發行計劃,76800,澄清新聞報道或報告 - 標準內容或超級內容 - 債務證券發行計劃,0,70000(債券及結構性產品) → 30001(債務證券發行計劃) → 76800(澄清新聞報道或報告 - 標準內容或超級內容 - 債務證券發行計劃)
70000,債券及結構性產品,1106,30001,債務證券發行計劃,76200,上市通告 - 債務證券發行計劃,9,70000(債券及結構性產品) → 30001(債務證券發行計劃) → 76200(上市通告 - 債務證券發行計劃)
70000,債券及結構性產品,1106,26,債務證券,73020,撤銷上市 － 債務證券,8,70000(債券及結構性產品) → 26(債務證券) → 73020(撤銷上市 － 債務證券)
70000,債券及結構性產品,1106,30001,債務證券發行計劃,76300,內幕消息 - 債務證券發行計劃,0,70000(債券及結構性產品) → 30001(債務證券發行計劃) → 76300(內幕消息 - 債務證券發行計劃)
70000,債券及結構性產品,1106,30001,債務證券發行計劃,76400,發行人特定報告 - 債務證券發行計劃,0,70000(債券及結構性產品) → 30001(債務證券發行計劃) → 76400(發行人特定報告 - 債務證券發行計劃)
70000,債券及結構性產品,1106,26,債務證券,72970,內幕消息 － 債務證券,6,70000(債券及結構性產品) → 26(債務證券) → 72970(內幕消息 － 債務證券)
70000,債券及結構性產品,1106,30001,債務證券發行計劃,76600,其他 - 債務證券發行計劃,0,70000(債券及結構性產品) → 30001(債務證券發行計劃) → 76600(其他 - 債務證券發行計劃)
70000,債券及結構性產品,1106,30001,債務證券發行計劃,76700,海外監管公告 - 債務證券發行計劃,0,70000(債券及結構性產品) → 30001(債務證券發行計劃) → 76700(海外監管公告 - 債務證券發行計劃)
70000,債券及結構性產品,1106,30001,債務證券發行計劃,76900,不尋常價格/成交量變動 - 標準內容或超級內容 - 債務證券發行計劃,0,70000(債券及結構性產品) → 30001(債務證券發行計劃) → 76900(不尋常價格/成交量變動 - 標準內容或超級內容 - 債務證券發行計劃)
70000,債券及結構性產品,1106,26,債務證券,74200,其他 － 債務證券,5,70000(債券及結構性產品) → 26(債務證券) → 74200(其他 － 債務證券)
70000,債券及結構性產品,1106,26,債務證券,75400,澄清新聞報道或報告 - 標準內容或超級內容 - 債務證券,0,70000(債券及結構性產品) → 26(債務證券) → 75400(澄清新聞報道或報告 - 標準內容或超級內容 - 債務證券)
70000,債券及結構性產品,1106,26,債務證券,74300,海外監管公告 － 債務證券,4,70000(債券及結構性產品) → 26(債務證券) → 74300(海外監管公告 － 債務證券)
70000,債券及結構性產品,1106,26,債務證券,72950,調整條款及細則 － 債務證券,2,70000(債券及結構性產品) → 26(債務證券) → 72950(調整條款及細則 － 債務證券)
70000,債券及結構性產品,1106,30001,債務證券發行計劃,76100,財務報告 - 債務證券發行計劃,1,70000(債券及結構性產品) → 30001(債務證券發行計劃) → 76100(財務報告 - 債務證券發行計劃)
70000,債券及結構性產品,1106,26,債務證券,73030,利息派發（公告表格）－債務證券,0,70000(債券及結構性產品) → 26(債務證券) → 73030(利息派發（公告表格）－債務證券)
70000,債券及結構性產品,1106,26,債務證券,75300,發行人特定報告 － 債務證券,0,70000(債券及結構性產品) → 26(債務證券) → 75300(發行人特定報告 － 債務證券)
70000,債券及結構性產品,1106,26,債務證券,72960,財務報告 － 債務證券,1,70000(債券及結構性產品) → 26(債務證券) → 72960(財務報告 － 債務證券)
70000,債券及結構性產品,1106,26,債務證券,75200,招股章程 － 債務證券,0,70000(債券及結構性產品) → 26(債務證券) → 75200(招股章程 － 債務證券)
70000,債券及結構性產品,1106,26,債務證券,72990,復牌 － 債務證券,0,70000(債券及結構性產品) → 26(債務證券) → 72990(復牌 － 債務證券)
70000,債券及結構性產品,1106,26,債務證券,73000,停牌 － 債務證券,0,70000(債券及結構性產品) → 26(債務證券) → 73000(停牌 － 債務證券)
70000,債券及結構性產品,1106,26,債務證券,73010,短暫停牌 － 債務證券,0,70000(債券及結構性產品) → 26(債務證券) → 73010(短暫停牌 － 債務證券)
70000,債券及結構性產品,1106,26,債務證券,75500,不尋常價格/成交量變動 - 標準內容或超級內容 - 債務證券,0,70000(債券及結構性產品) → 26(債務證券) → 75500(不尋常價格/成交量變動 - 標準內容或超級內容 - 債務證券)
30000,上市文件,63,,,30200,資本化發行,0,30000(上市文件) → 30200(資本化發行)
30000,上市文件,63,,,30300,按《上市規則》規定視為新上市,0,30000(上市文件) → 30300(按《上市規則》規定視為新上市)
30000,上市文件,63,,,30400,交換證券或取代原證券,0,30000(上市文件) → 30400(交換證券或取代原證券)
30000,上市文件,63,,,30500,介紹,0,30000(上市文件) → 30500(介紹)
30000,上市文件,63,,,30600,發售現有證券,0,30000(上市文件) → 30600(發售現有證券)
30000,上市文件,63,,,30800,公開招股,0,30000(上市文件) → 30800(公開招股)
30000,上市文件,63,,,30900,其他,0,30000(上市文件) → 30900(其他)
30000,上市文件,63,,,31000,配售上市後的新證券類別,0,30000(上市文件) → 31000(配售上市後的新證券類別)
30000,上市文件,63,,,30100,認可集體投資計劃,35,30000(上市文件) → 30100(認可集體投資計劃)
30000,上市文件,63,,,31100,供股,18,30000(上市文件) → 31100(供股)
30000,上市文件,63,,,30700,發售以供認購,10,30000(上市文件) → 30700(發售以供認購)
30000,上市文件,63,,,31200,補充上市文件,10,30000(上市文件) → 31200(補充上市文件)
